,precision,recall,f1-score,support
0,0.2488,1.0,0.39846252402306215,2488.0
1,0.0,0.0,0.0,7512.0
avg / total,0.06190144,0.2488,0.09913747597693787,10000.0
